labelnumber,name,vol,surfVS,distVS
0,Background,3378828.567123413,646.3290405273438,0.41015625
1,Tumour,483.7400436401367,0,0.0
2,Pons,8614.96353149414,0,5.292426748079662
3,Brainstem,7608.622741699219,0,4.676500767008183
4,Cerebellar Vermal Lobules I-V,3517.398262023926,0,18.953334722278466
5,Cerebellar Vermal Lobules VI-VII,1521.8759536743164,0,30.116084002157386
6,Cerebellar Vermal Lobules VIII-X,2709.6508026123047,0,19.850777314386246
7,Right Cerebellum,60328.71723175049,0,21.847798377532516
8,Left Cerebellum,60113.469314575195,142.70883178710938,0.41015625
