labelnumber,name,vol,surfVS,distVS
0,Background,3382687.1320724487,887.2701416015625,0.41015625
1,Tumour,702.2684097290039,0,0.0
2,Pons,8752.742385864258,0,5.048401592838879
3,Brainstem,7635.623359680176,0,5.006595076765777
4,Cerebellar Vermal Lobules I-V,3543.6418533325195,0,17.91292491549943
5,Cerebellar Vermal Lobules VI-VII,1445.668601989746,0,28.9337836035691
6,Cerebellar Vermal Lobules VIII-X,2674.0705490112305,0,19.05958049492638
7,Right Cerebellum,58612.79010772705,0,20.170242917248675
8,Left Cerebellum,57673.0676651001,194.47869873046875,0.41015625
