labelnumber,name,vol,surfVS,distVS
0,Background,3378364.5097732544,630.3507690429688,0.41015625
1,Tumour,470.36590576171875,0,0.0
2,Pons,8569.289588928223,0,5.718329742498706
3,Brainstem,7685.839462280273,0,5.006595076765777
4,Cerebellar Vermal Lobules I-V,3478.032875061035,0,18.66714481467979
5,Cerebellar Vermal Lobules VI-VII,1520.866584777832,0,29.495225423005436
6,Cerebellar Vermal Lobules VIII-X,2733.1186294555664,0,19.75307855876719
7,Right Cerebellum,60323.418045043945,0,21.46326413091262
8,Left Cerebellum,60581.564140319824,110.33372497558594,0.41015625
